t (sec),1W force (mN),1W st dev,2W force (mN),2W st dev,3W force (mN),3W st dev,4W force (mN),4W st dev
0.0,0.341715,0.2668324007349932,-0.47872800000000004,0.5271801874520703,0.286125,0.6107890838513734,0.151728,0.5540906690443361
0.2,0.38160900000000003,0.2872538195777386,-0.49507799999999996,0.5315115175403069,0.26094599999999996,0.6347704257335876,0.242961,0.5559840518809871
0.4,0.37964700000000007,0.27700470903217517,-0.5133899999999999,0.5214673008808893,0.27827700000000005,0.637670290446403,0.41136600000000006,0.43202430164980304
0.6000000000000001,0.37899299999999997,0.2772157808495036,-0.518622,0.5497932987641809,0.30443699999999996,0.6252771865452953,0.4702260000000001,0.43131014896707454
0.8,0.39272700000000005,0.27722619522332304,-0.5307210000000001,0.5676727534557212,0.28318200000000004,0.6561153753891157,0.384552,0.4560338295280297
1.0,0.376704,0.24673271395986385,-0.5666910000000001,0.6244265144082208,0.30639900000000003,0.6329157436294345,0.42052200000000006,0.4163266094042033
1.2000000000000002,0.411039,0.28114508420742484,-0.544455,0.6009781400966261,0.31882499999999997,0.647864659908225,0.524835,0.4249651539973601
1.4000000000000001,0.42935100000000004,0.3125069729430049,-0.527124,0.597484213376387,0.27958500000000003,0.636805781146811,0.44308499999999995,0.4796854830636424
1.6,0.4015560000000001,0.298452310632704,-0.543474,0.6111249450431556,0.315228,0.6344779238854572,0.59514,0.43933785604930514
1.8,0.430005,0.2678415460976882,-0.58206,0.578624998514582,0.301494,0.6184120739620145,0.8191350000000002,0.5933112005903817
2.0,0.44472,0.29446381773997293,-0.5781360000000001,0.588514065393513,0.31686299999999995,0.6166696361651026,0.9250830000000002,0.7372644134216706
2.2,0.47022600000000003,0.28735579679902057,-0.573231,0.6380419441572788,0.309996,0.6090933069062572,0.8655690000000001,0.6328762088765859
2.4000000000000004,0.468264,0.2961648946819998,-0.581079,0.627910164829333,0.33157800000000004,0.6164131278501457,0.683757,0.48345155724229505
2.6,0.435564,0.2879609605102747,-0.5470710000000001,0.6319474454161518,0.335829,0.6294817098343686,0.9234479999999999,0.6485532058744294
2.8000000000000003,0.4976940000000001,0.28595696608755666,-0.569961,0.628918174238907,0.359046,0.6500208945457061,0.9476460000000001,0.7342232880044054
3.0,0.47611200000000004,0.3140020798943854,-0.564729,0.6465717012443399,0.3371370000000001,0.6672782543632004,0.8930370000000001,0.6712799491061833
3.2,0.515352,0.29541658515052943,-0.577482,0.647472055948363,0.35217899999999996,0.6266601586043268,0.798207,0.5868535908197204
3.4000000000000004,0.49965600000000004,0.29242065274532164,-0.5617860000000001,0.6310290072381777,0.36264300000000005,0.657684882491608,0.8103060000000001,0.5857728352783185
3.6,0.48886500000000005,0.31881376441741033,-0.577482,0.6464694893078868,0.3767040000000001,0.6258754372988288,1.014354,0.8004410973819374
3.8000000000000003,0.518622,0.3073232915774527,-0.5879460000000001,0.6664917818368056,0.37408800000000003,0.6003743153550125,0.8403899999999999,0.620662367012855
4.0,0.5003099999999999,0.3274140468672656,-0.574539,0.6658643437923374,0.3744150000000001,0.6124799911246082,1.351818,1.2133802842011236
4.2,0.533991,0.3300063521934085,-0.6016800000000001,0.6713750392277033,0.36493200000000003,0.6197001148362005,1.618977,1.6186365896414179
4.4,0.532683,0.32124217706583924,-0.59187,0.6783558056521666,0.37506900000000004,0.5767391989469763,1.68405,1.7243521434538829
4.6000000000000005,0.5189490000000001,0.34485743091602367,-0.602661,0.6752322758888234,0.362316,0.5756736323351974,1.73637,1.7561045376053217
4.800000000000001,0.5480520000000001,0.3420576306179998,-0.628821,0.6724152133808395,0.346293,0.5793256995490533,1.7713590000000001,1.753081553940375
5.0,0.5742120000000001,0.34034935390859794,-0.6360150000000001,0.698353651490418,0.33681000000000005,0.5468840131728117,1.78215,1.7866130316232445
5.2,0.5653830000000001,0.33488408301679556,-0.602661,0.6810120245149861,0.33419399999999994,0.5536307973424166,1.802097,1.8025105532556531
5.4,0.561459,0.3461065999746321,-0.6075659999999999,0.6821110267573748,0.342369,0.5551090590847894,1.8063479999999998,1.7948440508629153
5.6000000000000005,0.539877,0.35604068738558514,-0.5974290000000001,0.6681428650281316,0.35021700000000006,0.5390687981454687,1.8164850000000001,1.8083766405442203
5.800000000000001,0.570288,0.3586994748560416,-0.6016800000000001,0.662251941455818,0.325038,0.5408922014579245,1.7628569999999997,1.8211383628686757
6.0,0.567999,0.3417711642839401,-0.611163,0.6830296597776703,0.33746400000000004,0.51890603697394,1.8076560000000004,1.7964724083403008
6.2,0.583368,0.3568506517774628,-0.586311,0.6760835514816198,0.34171500000000005,0.5355998473468789,1.8243330000000002,1.795440720966304
6.4,0.5921970000000001,0.3205307309697465,-0.610182,0.6651937169291363,0.327327,0.5385540098096012,1.7913059999999998,1.834219399460708
6.6000000000000005,0.7521000000000001,0.4217283389126228,-0.5954670000000001,0.6679238956228472,0.36329700000000004,0.5562453586035574,1.822044,1.8205073557945326
6.800000000000001,0.7285559999999999,0.4266484176532242,-0.620319,0.6439911134604266,0.367875,0.5387021065022858,1.838394,1.8051338323437407
7.0,0.7256130000000001,0.4041667087032281,-0.610182,0.6627045282733475,0.324384,0.5421498272618004,1.8004620000000002,1.8184826632899198
7.2,0.6425550000000001,0.3645740583283457,-0.610182,0.6796005684915221,0.34269600000000006,0.4962491926099225,1.789671,1.8294415306863454
7.4,0.6729660000000001,0.3890016519425079,-0.6010260000000001,0.6584867454155778,0.350544,0.522400896624422,1.768089,1.8194942333379354
7.6000000000000005,0.8266560000000002,0.4789412619246749,-0.588273,0.6699477490685375,0.361662,0.5112646830028456,1.781169,1.846338487383069
7.800000000000001,0.7844729999999999,0.46858906035886067,-0.5735580000000001,0.6614764663704977,0.33419400000000005,0.481298457763995,1.7752830000000002,1.8178319701705108
8.0,0.7812030000000001,0.45344867275359846,-0.5526300000000001,0.6415821666146901,0.33615600000000007,0.49856059048224016,1.7756100000000001,1.8303477915199613
8.200000000000001,0.749157,0.46330788179568017,-0.5846760000000001,0.6213259873512454,0.354795,0.499180468085441,1.742583,1.8074761647158726
8.4,0.782184,0.4850681010105696,-0.5781360000000001,0.6055105894482772,0.337137,0.47073986873219054,1.7494500000000002,1.834944758887308
8.6,0.816192,0.4808828245903569,-0.5568810000000001,0.5794615307731826,0.33909900000000004,0.4776508599364185,1.7324460000000002,1.8314642086183393
8.8,0.8825730000000002,0.5553166721808378,-0.5738850000000001,0.6236141203645088,0.345312,0.488444093384289,1.7402939999999998,1.8316502119777127
9.0,0.8874780000000001,0.5752382651319365,-0.570288,0.5955574074696746,0.346293,0.47877892352107565,1.7288490000000003,1.8302800230134189
9.200000000000001,0.8953260000000002,0.5866020908742143,-0.570615,0.6132802835360028,0.34465799999999996,0.47956910741414527,1.722963,1.79913729926818
9.4,0.86328,0.5255621476780838,-0.591216,0.5994385406678486,0.354141,0.47924435472731447,1.7115179999999999,1.820776228542651
9.600000000000001,0.8358120000000001,0.5065741901182886,-0.6127980000000001,0.6103104382508954,0.35119799999999995,0.46825737774646975,1.6961490000000001,1.8404963118153757
9.8,0.8750520000000002,0.5706306470634048,-0.595794,0.6151041233661176,0.36951,0.4838338234166768,1.695168,1.77715417771616
10.0,0.893364,0.5687162716381517,-0.600045,0.6109193197992678,0.34040700000000007,0.46262098919309746,1.7111910000000001,1.8053094586917777
10.200000000000001,0.9133109999999999,0.582364324376073,-0.594159,0.5733799307387729,0.35152500000000003,0.440253982039913,1.716423,1.771569451869726
10.4,0.945357,0.6026440553776333,-0.580752,0.6141514440054667,0.36656700000000003,0.45862866216362885,1.7154420000000001,1.7341990501963724
10.600000000000001,0.9263910000000001,0.597341381916572,-0.576501,0.6011544378543671,0.36329700000000004,0.4343702379859836,1.7007270000000003,1.7502026715457841
10.8,0.901212,0.5924272636265148,-0.626859,0.5906825757308236,0.3515250000000001,0.4087183451742777,1.684704,1.7254125795246769
11.0,0.877341,0.5614933748941301,-0.593178,0.5785767641100013,0.36852899999999994,0.45625277757620286,1.7736480000000003,1.766996959316569
11.200000000000001,2.175531,0.6373059702701679,1.1827590000000001,0.9465690412505576,3.8618699999999997,0.5950745964061984,5.966442000000001,2.109612160063077
11.4,4.623780000000001,0.36601015198215503,5.004081,3.886126471034364,9.70536,1.6236191803024507,14.080947,3.143988668830727
11.600000000000001,7.162608000000001,1.0489192614372183,9.389805,7.952749339873351,18.313308000000003,4.114805951990447,22.932183,4.375901953129435
11.8,8.878377,1.3033298690469728,13.239576,9.656771963653382,24.341553000000005,6.3765813470195765,28.826358,6.437181288465162
12.0,10.498989,1.4527746291004677,17.748906,11.062292432097697,30.209568,8.967837110462256,35.931740999999995,8.443442792517873
12.200000000000001,12.047007,1.8793845872753134,22.222266,12.049160373395404,36.502029,11.649892860110604,44.093661,10.85380404833651
12.4,14.446206000000002,2.3810601945658587,28.313622,14.743020569162685,46.779639,15.225776099845222,58.99505100000001,14.213747566342878
12.600000000000001,15.768267,2.922385919238935,32.547618,16.317367241284302,54.027594,17.087266292736647,70.228809,16.23472868563075
12.8,17.119431000000002,3.3177945013586947,36.79731,17.649592427101314,61.523742000000006,18.403235443246874,81.68198400000001,18.155537072067737
13.0,18.476808000000002,3.7217977583323885,41.429265,18.40905079960545,69.313536,19.406723308096662,93.04458,19.912927524577047
13.200000000000001,20.449272000000004,4.3786205284890825,47.27308200000001,20.293864879685927,80.834073,20.62261577535052,109.309233,21.680112981353577
13.4,21.816785999999997,4.745057034667338,51.453777,21.150061911211086,88.242258,20.99330326482386,119.31510600000001,22.20928098762043
13.600000000000001,23.299730999999998,4.9780357590726485,55.725051,21.86422465336052,95.24823300000001,21.268481008627255,128.55906900000002,22.647243930624846
13.8,24.748014,5.208909629103004,59.962971,22.350646251764573,101.75226300000001,21.865182635749115,137.430252,22.84956817371291
14.0,26.327751000000003,6.003541874971973,66.424164,22.784690489575357,109.77095700000001,21.663467327016193,150.37520100000003,22.852822248399303
14.200000000000001,27.56283,6.34577755295425,70.493679,22.712320399398077,115.133103,21.31592125454755,158.71337400000002,22.54032956285054
14.4,28.825704,6.669459213343612,74.343777,22.755053407904228,120.48805499999999,20.758086987702303,166.790928,22.0325514546358
14.600000000000001,30.018927,6.949604440785248,77.99571300000001,22.75010519138841,125.50717800000001,20.55302445177075,175.07253,21.860830514757176
14.8,31.907352000000003,7.3029232489549,82.704186,22.384630355765587,133.21195200000003,20.151300226303466,186.643098,21.40382538849601
15.0,33.033867,7.603157044329415,86.10237000000001,21.986913354804308,138.005772,19.70476137744322,194.157558,21.036452026142943
15.200000000000001,34.186215000000004,7.973955431409309,89.33509199999999,21.67362961812899,142.443816,19.325778634763882,201.50165100000004,20.616058612958433
15.4,35.103777,8.56420882174495,92.742105,21.42739807824566,146.618298,19.02893269248683,208.29147899999998,20.864874130301732
15.600000000000001,37.113519000000004,8.84695237245878,97.610808,20.997637466871506,152.58179700000002,18.042049918579593,218.02398000000002,22.581490732711917
15.8,38.457489,9.135928309843836,100.60351200000001,20.541463798469337,156.703632,17.15372901625888,223.73470800000004,22.917707304483727
16.0,39.710226000000006,9.46442520105717,103.498116,20.07185161728274,161.007279,16.546159958607685,230.507532,24.362827715497225
16.2,40.899198000000005,9.718894631593553,106.286445,19.635778795389,165.44892000000002,16.212530472395056,236.63910900000005,25.176258320953455
16.400000000000002,42.619545,10.181828190198067,110.48676,18.953853692891638,172.260003,15.832305850676006,246.344796,26.063919739604334
16.6,43.979865,10.799298605787694,113.422566,18.376184596232644,176.63984100000002,15.735133092654282,253.424346,27.10579448436924
16.8,45.319911,11.248669351334318,116.186043,17.660946575209326,180.69039,15.276886021719726,259.673643,27.351566963372445
17.0,46.553028000000005,11.494871266278452,118.71735000000001,17.002699175685077,184.914576,14.523874153320927,265.40301,27.78835072144903
17.2,48.301824,11.929647926134534,121.91541000000001,16.45728791508589,190.72373100000002,13.872605398364717,272.674182,27.8089965654334
17.400000000000002,49.449267,12.181519483507136,124.206699,16.485911333341335,194.44891499999997,13.552698902226751,277.73712300000005,28.173813843782117
17.6,50.604231,12.520529205919452,126.502566,16.589659826267205,197.98084200000002,13.393721635030138,283.066896,28.0580304437098
17.8,51.775872,12.75014975910707,128.75101800000002,16.566181445306764,201.363657,13.582241524787642,288.338136,27.98195203921922
18.0,53.483793,13.057283063992067,131.96837100000002,16.334775947558207,206.65353600000003,14.73176868470504,294.91247100000004,28.34137251949876
18.2,54.553082999999994,13.28648128853994,133.81494,16.28421402379931,209.79993,15.632342463985808,299.272362,28.73107560624444
18.400000000000002,55.734207000000005,13.332190871750898,135.600687,16.500853473438216,212.56209900000002,16.355920270306783,303.19668900000005,28.368695672568645
18.6,56.964054000000004,13.464937182002675,137.308608,16.96606944327724,215.14964999999998,16.954363313378956,307.939824,28.496931750624775
18.8,58.531038,13.426880984238968,139.940958,17.67046898231198,218.91734399999999,17.604645230809272,315.115839,28.300107994153247
19.0,59.44434900000001,13.614359713367428,141.764964,17.970987282073903,221.506857,18.43239138362741,319.56075,27.596841095871582
19.200000000000003,60.396246,13.97427956541367,143.659275,18.48960763863208,224.166021,19.023752265086564,324.118803,27.187293169621526
19.400000000000002,61.245791999999994,14.42318233920566,145.693215,19.17656302499909,226.94355900000002,19.499635282193097,328.525128,26.5202127802336
19.6,62.747703,14.787748518298454,147.90537,20.083502576110522,231.46989300000004,20.24684197583956,334.448079,24.836964074689206
19.8,63.737204999999996,15.02432732463481,149.01782400000002,20.650365377829228,233.800749,20.193792666172204,337.81421700000004,23.543934450033756
20.0,64.70610599999999,15.265789241121666,149.986725,20.93498502071511,236.067513,20.38035760110819,340.751331,22.04523520994806
20.200000000000003,65.75512200000001,15.235484907279917,151.07661600000003,21.15587378644101,238.25874,20.491769784329172,343.572033,21.220634829510878
20.400000000000002,67.147815,15.458605809428159,153.51636300000004,21.81586261397624,241.55817000000002,20.71697329943056,347.70171600000003,21.707082119969012
20.6,67.92672900000001,15.748398945587008,155.303091,22.226501448840388,243.438747,20.9645217204424,350.50476000000003,22.596684011960217
20.8,68.502249,15.941688294713144,157.03455599999998,22.318733436222452,245.337309,20.926987895198526,353.628264,23.398204691389264
21.0,68.893668,15.864448046123192,158.579304,22.065842748769697,247.36045800000002,20.50961759693515,356.678193,23.193139306488895
21.200000000000003,69.46461000000001,15.56064997494649,161.063196,20.694720438434874,250.578138,19.485905465381418,360.543333,22.51355911168293
21.400000000000002,69.725883,15.510248088455322,162.221103,19.937403710007636,252.60063300000002,18.897264684763403,363.025917,21.93843945078047
21.6,70.03587900000001,15.465891096667466,163.34336700000003,19.150432511576543,254.496252,18.662256297141077,365.60234999999994,21.187888514816766
21.8,70.159485,15.393900956842876,164.508141,18.328506183402336,256.54229100000003,18.871114929515908,368.086242,21.207696723235127
22.0,70.37530500000001,15.71749936877543,166.59897899999999,17.61950205831528,259.522896,19.706935911969474,370.380147,22.440104032702802
22.200000000000003,70.673856,15.817874186801905,166.916169,16.906684427604134,261.31878,19.807034822490117,371.817966,23.08920065990763
22.400000000000002,71.045001,15.722801581584879,166.19709600000002,16.13164139485205,262.673541,19.423638200386723,373.818552,24.11164642483998
22.6,71.359248,15.79729221970088,167.21700900000002,15.467446512418723,263.67579600000005,18.91818494570538,375.4888680000001,24.59545861756853
22.8,71.859558,15.92332354696085,168.821598,14.968527485842474,264.303963,17.51885227051572,377.78931300000005,24.19579914130553
23.0,72.18852,15.833476073826684,169.625691,15.026975355454148,264.66399,16.249129382988123,378.915828,23.593767762013307
23.200000000000003,72.57961200000001,15.656904492628996,170.23162200000002,15.237099359650053,265.074048,14.846002212829898,380.292825,22.726932619234884
23.400000000000002,73.13812800000001,15.510339565826213,170.747628,15.395255133924408,265.835304,13.994727073781839,382.05110400000007,21.587241148825633
23.6,73.852623,15.524119407074654,171.282927,15.923870453886208,266.77641,13.973525394673093,384.42250800000005,20.574450252014174
23.8,74.195973,15.647644700691034,171.762963,16.19103654542903,267.555324,13.90563261873612,386.612427,20.53522077543163
24.0,74.56679100000001,15.688153369997435,172.21422300000003,16.45637704382669,268.373805,13.56633419219039,388.485156,20.48755780852316
24.200000000000003,74.86436100000002,15.550186255073795,172.54253100000003,16.960352692813206,268.76391600000005,13.539353547889283,389.98183500000005,20.35316180774745
24.400000000000002,75.240411,15.120436076990702,172.654038,17.76566874783739,270.35150100000004,13.998063873285703,391.96182000000005,20.720751145372756
24.6,75.443151,15.068550741483207,172.59485100000003,18.493984091072853,270.923424,13.935640409531315,393.46896300000003,21.251977545457787
24.8,75.492855,15.206836189871515,172.73219100000003,18.920477263494654,271.597371,13.741087912517052,394.61346299999997,21.32084016153
25.0,75.446421,15.454296024005558,173.071944,18.91020630668439,272.348817,13.584850367871026,395.301144,21.189581626427206
25.200000000000003,75.45819300000001,15.949760822615238,173.50685399999998,19.173139943284138,273.515226,13.051971338118936,396.732096,21.466852968135626
25.400000000000002,75.483372,16.364543599352167,173.719077,19.67594564257276,274.183287,12.719482658676641,397.418142,21.19048246278189
25.6,75.59128199999999,16.741567176708156,173.77924500000003,20.152433335234885,274.555086,12.576472909951107,398.0652750000001,21.337609579237075
25.8,75.642948,17.053451995204316,174.226581,20.30809118727326,274.84153799999996,12.697039717418296,399.078648,22.071194461123486
26.0,75.577548,17.646372308671662,174.806025,20.159542462820976,275.00896200000005,13.007384634579472,400.38043500000003,22.239901402505737
26.200000000000003,75.376443,18.088292517112887,174.89823900000002,20.117587494305383,275.124066,13.29071653377468,400.919985,21.519797290699216
26.400000000000002,75.223734,18.474635374405583,174.794253,20.456891600515267,275.45826000000005,13.49972893477933,400.874205,21.342585382776893
26.6,75.09587700000002,18.8899951247863,175.086591,20.933029989074623,276.114549,14.003983266717507,400.615221,21.10591763283432
26.8,74.828391,19.171541240354983,175.992708,21.285175083763207,277.216866,15.257495638622528,400.251597,21.00659506051925
27.0,74.848011,19.16883346978235,175.985187,21.93059498423555,278.53565699999996,16.359314878036376,400.086135,21.20541237694748
27.200000000000003,75.05238600000001,19.13662547862036,176.31022500000003,22.137868908412443,280.280856,17.134789322572995,399.680001,20.910432639953044
27.400000000000002,75.22602300000001,19.18169561584288,176.841273,22.223379166577754,281.923377,17.14094934844818,400.049511,20.80865605587042
27.6,75.39639,19.155555664499058,177.357933,22.51411047877447,284.020755,17.174836430752453,401.5730040000001,20.40579923303354
27.8,75.65079600000001,19.174438943577517,178.004085,22.494705716487214,285.666219,17.203460664243817,402.380694,19.00138559457551
28.0,76.058238,18.96946886523927,178.59072300000003,21.913720292894627,287.055315,16.862730394429718,403.603674,17.456309253758242
28.200000000000003,76.446387,18.74696094074712,179.248974,21.071337525186706,288.447027,16.72933322444749,404.6379749999999,16.11317492162342
28.400000000000002,76.86298500000001,18.41769791796342,180.514137,20.27931358110525,289.962345,17.112797426119503,406.05453900000003,13.93704143979498
28.6,77.11575600000002,18.242594624952943,181.111893,19.724450103810696,290.603592,17.520844133354938,407.05810199999996,12.519367800178715
28.8,77.426079,18.012321495283224,181.79401500000003,19.313191554986407,291.69642600000003,17.935150736959145,407.62185,10.372094778334482
29.0,77.93096700000001,17.782774461333307,182.730216,19.35378499933948,292.709472,17.96486234570925,408.22451100000006,8.57773815792872
29.200000000000003,78.898887,17.344951577365386,183.94305900000003,19.40976415700814,293.903022,17.58667350039962,408.862161,6.8840371006709296
29.400000000000002,79.61142000000001,17.120485998923286,184.40478300000004,19.498146274229324,294.34905,17.278629805055772,410.37126600000005,6.217535194393515
29.6,80.266728,17.001954749825032,184.466913,19.53128876055048,294.282342,17.09356828009429,409.88534400000003,6.731542941972338
29.8,80.767692,16.99975865205451,184.414593,19.355874069529595,294.336297,16.712189852306246,409.852317,7.314595469780807
30.0,81.35563800000001,17.007487675861363,184.062087,19.046498899015386,294.9867,16.12166720568092,412.0811490000001,7.216819576865261
30.200000000000003,81.78171900000001,16.933743214829494,183.80081400000003,18.92605507814775,296.652438,15.238209480190175,413.2737180000001,7.254701920172755
30.400000000000002,82.229382,16.63136862167176,183.56145,18.816567560683904,298.153368,14.086778251930586,414.561117,8.274834391637816
30.6,82.610664,16.316523274599593,182.870172,18.657436384067285,299.75763,12.827886255078715,416.598327,9.487826115077889
30.8,83.21169000000002,15.774731884245195,181.028835,18.567273067093772,301.656192,12.070200647896797,419.854266,10.888550036922659
31.0,83.51710800000001,15.493787960041988,179.45040600000002,18.900759375054694,302.51097,12.538204737229083,421.56578400000006,12.137345641431706
31.200000000000003,83.64954300000001,15.09488801013158,177.97825200000003,19.86982029372505,303.504723,13.424855358270642,422.33227200000005,13.687410084687015
31.400000000000002,83.841819,14.826236464008051,175.90343700000003,21.6846298429661,304.7813310000001,14.022098259422744,422.52062400000005,14.754169968783268
31.6,84.17241600000001,14.389785926000918,172.418598,25.05659063130054,306.273759,13.857926059379107,422.45849400000003,13.34458193881698
31.8,84.348996,14.02128893058987,170.07956700000003,27.077559847800813,307.58372099999997,13.026872595236117,423.76387800000003,13.220016234576333
32.0,84.379734,13.635186627310894,167.902401,29.17012222736244,308.9172270000001,12.147294690139624,425.013999,13.501965796580379
32.2,84.15868200000001,13.209273016008417,166.02607500000002,31.278546713622394,310.10652600000003,11.737812028372927,425.321052,13.662486549109566
32.4,83.75843400000001,12.627229689569521,164.08140600000002,33.488724993018394,311.832105,11.21039987585823,423.18410700000004,13.174696261272064
32.6,83.59460700000001,12.279332774876737,163.51177199999998,34.17229406255386,312.347784,11.618318550039069,418.761432,13.372353984560336
32.800000000000004,83.480484,11.856684914956288,163.01996400000002,34.24177663125884,312.225159,12.48263812934823,413.864934,12.830023925718088
33.0,83.378787,11.431798627730982,162.886875,34.04483288147655,311.752644,12.5654376294663,410.23654199999993,13.27567567011403
33.2,83.259759,11.028673274994864,163.413018,33.51231890824945,309.587904,10.275869906813433,406.887081,14.412371871188789
33.4,83.334315,10.835907178761087,163.994097,33.24723575712327,307.16287200000005,9.637192514994306,404.34105900000003,15.77783119744911
33.6,83.43405,10.687751930737633,164.40807900000001,33.051617360588246,305.285238,8.748183654359236,403.1324670000001,16.587147758549172
33.800000000000004,83.650197,10.601272511907325,165.089547,33.293268484201405,303.638793,7.8682878480885305,401.714268,17.069137652524155
34.0,84.12336600000002,10.610465837512608,166.675497,33.90558396545404,302.12609100000003,6.9734092412166735,400.3591800000001,18.38560600754167
34.2,84.477507,10.681750397094005,167.63295300000001,34.63392571589705,301.115988,6.4410845398588,398.8042950000001,18.78536264491035
34.4,84.70117500000002,10.749094032708156,168.48740400000003,35.00391091688365,300.77558100000005,5.649889667009604,396.5803680000001,19.418017883979946
34.6,84.77540400000001,10.70537600177705,169.17018000000002,35.0206334721917,300.0225,5.154251071178634,393.45621,20.81453383831847
34.800000000000004,85.031445,10.52344342173834,169.47527100000002,34.77028003114491,299.06635200000005,4.516514648339581,389.530575,21.395139795520997
35.0,85.35517499999999,10.427100772051354,169.40823600000002,34.63721361047937,299.474448,4.074000389628855,387.83540700000003,21.691462817278556
35.2,85.55529899999999,10.39911579371718,169.370304,34.87683363926847,299.663127,3.647910727081197,385.496049,21.624878300825483
35.4,85.757385,10.384485038733112,169.520397,35.42083315347076,299.083683,3.490763244240124,382.59784800000006,21.775206698482233
35.6,86.36429700000001,10.17627468589847,170.35065,35.938623159272176,297.5078700000001,4.091997673336583,380.03580300000004,24.69406045709571
35.800000000000004,86.62949400000001,9.903235646820999,171.25578600000003,36.04080013094085,296.529486,7.098631024496475,379.499523,26.628762703258158
36.0,86.634726,9.516200813728242,172.138686,36.033197700461976,295.75416900000005,8.805315097914542,379.87949699999996,27.752538512470856
36.2,86.719746,9.273599576510087,172.672023,35.84634916283161,294.47821500000003,10.097499995648748,380.885022,28.358734878369738
36.4,86.64682499999999,9.218403949778187,172.75475400000002,35.550526574882674,293.11364399999997,11.094129081925898,382.2554790000001,29.2939604805759
36.6,86.452914,9.095684768868805,172.695567,35.623502248082886,291.48845400000005,12.615786044393685,383.34177300000005,30.37293479378438
36.800000000000004,86.16221100000001,8.96527010236044,172.76717999999997,35.69498043782244,290.445651,14.222724910690701,383.658963,31.857013769963697
37.0,85.937235,9.058040231152763,172.82113500000003,35.61538499440814,289.29101399999996,15.842460207336563,383.31692100000004,33.20149786832916
37.2,85.716837,9.20133833023186,172.17694500000002,34.919728439139185,287.86791,16.880398877570876,382.58705699999996,34.252875975514044
37.4,85.726974,9.479627793619432,171.203139,34.91584618969088,285.89315700000003,18.17534812840881,382.65867000000003,34.454578105048064
37.6,85.58996100000002,9.720635405190755,170.16131700000003,35.55342631611662,284.27646899999996,18.69984612499757,383.31594,34.36133018397141
37.800000000000004,85.174998,9.713346102135658,169.25814300000002,36.60982616632308,282.78632999999996,19.48900581809304,384.001659,34.300020154427585
38.0,84.48535500000001,9.589078558243648,168.43410300000002,37.650417813239706,281.642811,20.725113742052564,385.2233310000001,33.1409465904046
38.2,84.309102,9.73330198684578,167.86773900000003,37.914444234954374,281.140212,22.927643016662476,385.13209800000004,32.300836932131155
38.400000000000006,84.202827,9.875391640923619,166.87464,38.66175907011778,281.112744,24.06785704332743,384.41891100000004,31.831417550341172
38.6,84.085107,10.033209695047344,165.644139,39.26498067182188,281.01464400000003,24.917373767033432,383.66125200000005,31.27448387173199
38.800000000000004,83.80454100000001,10.278195014753221,164.13274500000003,40.51156273491931,280.960035,26.167255324176477,384.060192,30.44497611270671
39.0,83.47001999999999,10.296519994035954,163.15992000000003,41.47927702415844,279.946662,27.54605927930139,384.384249,31.205156545054965
39.2,83.217576,10.141340333353677,162.483684,42.23890737639531,279.242631,27.95985894455268,384.83518200000003,32.18174396319846
39.400000000000006,83.018433,9.850151334630649,162.013458,43.010722950811626,278.76619200000005,27.960574437813364,386.280522,33.179875870548265
39.6,82.93701,9.44600250310501,161.65964400000001,43.55137330996627,278.91759300000007,28.06266835321442,388.304325,33.34416746883616
39.800000000000004,82.58483100000001,8.83345444508987,161.59032,43.95491563505162,279.650727,27.492334382550595,390.838248,34.4539980230214
40.0,82.351026,8.494133885066917,161.72635200000002,44.80585713541978,281.234715,27.214070004764924,391.108023,33.86641851790977
40.2,82.169541,8.208978340171083,161.73452699999999,45.65225789336157,282.89391300000005,26.963276256958206,389.92788,31.614319507173096
40.400000000000006,82.00898400000001,7.856609983025508,161.372211,46.956859775306455,284.31015,26.757393946993318,388.38182400000005,30.133110534860513
40.6,81.90467100000001,7.672389941112093,161.723082,47.8191873464307,285.625671,26.152863768109935,387.06630300000006,29.830369312795966
40.800000000000004,81.81278400000001,7.534513957944866,162.409128,48.52171799303564,286.016763,26.543061746787203,386.55422100000004,29.260104949663333
41.0,79.81350599999999,7.063124486818563,159.091059,49.09039307532642,279.884859,27.316644354541747,377.7177,27.278806854947685
41.2,72.78137100000001,7.505192543917983,143.27668500000001,49.291173682644875,261.15855000000005,26.005685538862636,350.61626700000005,27.385315900272687
41.400000000000006,66.76293600000001,5.511986979022534,133.588983,49.18278699145012,240.04252500000004,30.06097735359617,321.985455,20.65420017350279
41.6,62.07015900000001,5.040609423453279,124.31886000000002,49.083440245297375,224.96292000000003,31.26232158645939,303.79608,20.14372626671296
41.800000000000004,57.744930000000004,4.759457849149626,115.73576400000002,48.914515780519224,210.203448,32.86216829561517,286.59555300000005,18.864339427455334
42.0,52.55936400000001,5.159701675961701,102.69827400000001,49.79102933858888,194.767413,30.961239824032273,268.821795,21.678488530472183
42.2,48.296919,4.379065792983477,94.202487,50.311329468636366,178.447497,32.783698219525114,249.58765500000004,17.584477371609584
42.400000000000006,45.026919,4.422132340127555,86.18444700000002,50.518118581966604,167.03388900000002,32.9043986008611,235.838613,17.203884578296794
42.6,42.010017000000005,4.450693704664251,78.821715,50.09766297462142,156.19155,33.11984120629026,222.724605,17.504268814933813
42.800000000000004,38.258019,4.6997933682775885,68.217105,49.072958929904274,144.251472,30.933328014211103,207.78234,20.92115035968114
43.0,35.117511,4.2391955874262255,61.869708,48.10049792542179,130.909545,32.21355033251377,191.810352,18.859976390028073
43.2,32.655201,4.147819303058656,56.176311,47.14263766213658,121.16232900000001,32.1573909232863,180.440562,19.442046358995082
43.400000000000006,30.412962000000004,4.054167706749439,51.108138000000004,46.34142163715974,111.44781300000001,32.657705081929166,169.09170000000003,19.916254435177375
43.6,27.730581,4.170615815578557,44.975253,44.83479270750447,100.507701,31.34121322195901,155.227554,23.88351574820892
43.800000000000004,25.503384,4.0251998288969455,40.92208800000001,43.77883133762488,88.44042,33.05826525717574,141.032484,22.876617971719817
44.0,23.787615,4.026016218072401,37.104690000000005,42.41745599638048,80.156856,32.497270963612564,130.597587,23.693205380032943
44.2,22.262487000000004,4.0863169520748155,33.501477,40.626273997900135,72.588441,31.998039494655263,119.694426,23.898797659936914
44.400000000000006,20.297544000000002,4.272855108598699,29.246879999999994,36.52177684179456,65.67141000000001,31.499827026144224,106.802778,26.338987879112715
44.6,18.682818,4.324814302982038,25.739805,34.14604634338368,56.097831000000006,30.24199821778591,91.90563900000001,23.159564022286478
44.800000000000004,17.368278,4.437501448489905,22.363203000000002,31.516702054214623,50.112750000000005,28.98377878616948,81.364794,22.378633370948638
45.0,16.418016,4.244536887131034,19.229235000000003,28.78744202288279,44.52824400000001,27.6543112871175,71.544984,21.388300538812008
45.2,15.019110000000003,4.390218069360109,15.042327,24.460009782650253,39.317499000000005,26.400818354937677,61.66271700000001,22.1547092383841
45.400000000000006,13.810518000000002,4.384092475608378,12.537834000000002,21.791628877354306,32.297463,24.667909505247177,50.383179000000005,19.29628168688004
45.6,12.808263000000002,4.481154334836282,10.335161999999999,19.43563000450662,28.318200000000004,23.343305451592073,42.547932,18.19673579585531
45.800000000000004,11.869446000000002,4.563447395784682,8.415672,17.378726654755578,24.821262,21.985353346707715,35.637441,17.057323646065523
46.0,10.767129000000002,4.751514274961826,5.890905000000001,14.850189095706966,21.716070000000002,20.598781642323267,29.231838,16.469119878407042
46.2,9.896328000000002,4.807315405520009,4.547916000000001,13.475460285118947,17.454279,18.745367960179447,22.399827000000002,13.88738695770144
46.400000000000006,9.242982,4.827812141669972,3.414861,12.354381257310543,14.801001,17.408786554559164,18.251832,12.822794318646697
46.6,8.615469,4.8702607831263,2.45577,11.383808341416065,12.267731999999997,15.948413560784534,14.419719,11.814397599437646
46.800000000000004,7.823802000000001,4.898186233538084,1.1441729999999997,10.09235115951214,10.037919,14.60540422394622,10.786094999999998,10.952551219016327
47.0,7.15803,4.871177821844938,0.20077800000000087,9.158449287792886,7.134813000000001,12.928119979175008,6.985374,9.340076025331593
47.2,6.626328000000001,4.86474727142305,-0.8233859999999998,8.13300511058637,5.313096000000001,11.879840846454382,4.622472000000001,8.68893417889352
47.400000000000006,6.069120000000001,4.824340992476174,-1.6948409999999996,7.211208349861624,3.7294350000000005,10.901058726622475,2.633004000000001,8.101848623858755
47.6,5.3977889999999995,4.8051739531694375,-2.9622930000000003,5.96662696737294,2.216732999999999,9.929675097310385,0.6549810000000004,7.71826637585708
47.800000000000004,4.953723,4.7114436206158725,-3.734667,5.159533540444136,0.20764499999999972,8.557271653268582,-1.3845180000000001,6.7419044648176385
48.0,4.557726,4.760818436260093,-4.118892,4.872332239020857,-1.02024,7.725994780281436,-2.609133,6.412404749744514
48.2,4.132299000000001,4.724583611106274,-4.501482,4.58310981665048,-2.1071880000000003,7.006219722983714,-3.6640349999999997,6.077262986114225
48.400000000000006,3.519501,4.683731007051323,-4.737576000000001,4.461367861543588,-3.120561,6.34704033238816,-4.717629,5.87215444965883
48.6,3.04764,4.607745918977521,-4.832733,4.3935018097995595,-4.343541,5.459655437161397,-5.858859,5.431287715604652
48.800000000000004,2.6617800000000003,4.548643956408108,-4.917753,4.425105024356372,-4.835022,5.064637291016012,-6.580221000000001,5.325357413212563
49.0,2.24649,4.479075048643191,-5.013237,4.41978002393264,-5.301978000000001,4.6175463554881615,-7.268883,5.194092621699386
49.2,1.8351240000000002,4.467236414850685,-5.149596,4.388254301771264,-5.740158,4.072689944414625,-7.978146,4.946469931259665
49.400000000000006,1.4338950000000004,4.4484170428807595,-5.233308000000001,4.40667131518474,-6.27186,3.4371938915560176,-8.740383,4.437575328259567
49.6,1.114416,4.434496178733273,-5.269605,4.398721908912861,-6.5700840000000005,3.094619124775454,-9.183795000000002,4.154542940134089
49.800000000000004,0.763545,4.43716991414415,-5.339256000000002,4.423506734841262,-6.724754999999999,2.875808262528293,-9.580773,3.8754880087266432
50.0,0.34596599999999994,4.455015717513688,-5.411523,4.475924661087808,-7.029846000000002,2.571924702234108,-9.895674,3.643681075898109
50.2,0.06343800000000004,4.461142798588048,-5.438337,4.469076137180704,-7.379736,2.1904767625523904,-10.194552,3.403002983490612
50.400000000000006,-0.2043749999999999,4.412777051995036,-5.468421,4.477839688784984,-7.627602,1.9765526834101836,-10.281534,3.348310204777031
50.6,-0.436545,4.418800426016771,-5.493272999999999,4.516548740375333,-7.847019,1.8961673522044404,-10.331892000000002,3.268918791952164
50.800000000000004,-0.6572699999999999,4.459822656024788,-5.561289000000001,4.5236136396087145,-8.030793000000001,1.7344960978756916,-10.361976,3.2614483955521965
51.0,-0.9152730000000001,4.4299521190622375,-5.604453,4.537559341264201,-8.339154,1.5729078662801579,-10.387155000000002,3.243933714472908
51.2,-1.1248800000000003,4.426339423910236,-5.624400000000001,4.528683504866951,-8.408151,1.5902468923050914,-10.448958,3.217462889931444
51.400000000000006,-1.3658789999999998,4.445754713679108,-5.61786,4.544744513035029,-8.457528000000002,1.6063781060030669,-10.452228,3.194611031937066
51.6,-1.64154,4.416661764251594,-5.644673999999999,4.5821204711659425,-8.517042,1.5861106601098167,-10.433589,3.1876396421920092
51.800000000000004,-1.888425,4.37722998811463,-5.670834,4.548236946181894,-8.622990000000001,1.6079624435912676,-10.459095,3.2091777667617607
